{
  "within_mean": 0.7005874067544937,
  "within_std": 0.10395767560188071,
  "between_mean": 0.7137368520100912,
  "between_std": 0.04515398931550201,
  "difference": -0.01314944525559747,
  "p_value": 0.783638672567376,
  "verdict": "FOUND_IN_TEXT",
  "similarity_matrix": [
    [
      1.0,
      0.7448350191116333,
      0.7177891135215759,
      0.7911109328269958
    ],
    [
      0.7448350191116333,
      0.9999998807907104,
      0.6613112092018127,
      0.7025108933448792
    ],
    [
      0.7177891135215759,
      0.6613112092018127,
      1.0,
      0.6648639440536499
    ],
    [
      0.7911109328269958,
      0.7025108933448792,
      0.6648639440536499,
      1.0000001192092896
    ]
  ],
  "emotions": [
    "happy",
    "sad",
    "calm",
    "energetic"
  ]
}