{
  "num_prompts": 100,
  "embedding_dim": 768,
  "emotions": [
    "happy",
    "sad",
    "calm",
    "energetic"
  ],
  "prompts_per_emotion": {
    "happy": 25,
    "sad": 25,
    "calm": 25,
    "energetic": 25
  },
  "similarity_analysis": {
    "within_emotion_mean": 0.5601189732551575,
    "within_emotion_std": 0.10429664701223373,
    "between_emotion_mean": 0.4943716526031494,
    "between_emotion_std": 0.09465709328651428,
    "difference": 0.06574732065200806,
    "t_statistic": 20.41530008846104,
    "p_value": 5.190439543807548e-89,
    "significant": true
  },
  "linear_probe": {
    "mean_accuracy": 0.96,
    "std_accuracy": 0.058309518948453015,
    "cv_scores": [
      1.0,
      0.95,
      0.85,
      1.0,
      1.0
    ],
    "verdict": "strong"
  },
  "dimensionality": {
    "top_20_dimensions": [
      88,
      675,
      196,
      325,
      411,
      328,
      70,
      269,
      619,
      208,
      471,
      363,
      588,
      405,
      278,
      499,
      207,
      298,
      336,
      552
    ],
    "top_20_snr": [
      0.5073187351226807,
      0.4777051508426666,
      0.4412209391593933,
      0.42387187480926514,
      0.41764792799949646,
      0.409389853477478,
      0.3876090943813324,
      0.3866676390171051,
      0.38189151883125305,
      0.379986047744751,
      0.36591875553131104,
      0.3635428249835968,
      0.3492465317249298,
      0.34789595007896423,
      0.3476157486438751,
      0.34343230724334717,
      0.34225723147392273,
      0.3413931429386139,
      0.33952441811561584,
      0.3388453423976898
    ],
    "significant_dimensions": 0,
    "percent_significant": 0.0
  },
  "pca": {
    "variance_explained_pc1": 0.09637902677059174,
    "variance_explained_pc2": 0.06759058684110641,
    "total_variance_explained": 0.16396961361169815
  }
}